model,class,precision,recall,f1,support,false_negatives
Logistic_Interpretable,Pastry,0.45652173913043476,0.875,0.6,24,3
Logistic_Interpretable,Z_Scratch,0.6578947368421053,0.8928571428571429,0.7575757575757576,28,3
Logistic_Interpretable,K_Scatch,0.9137931034482759,0.9137931034482759,0.9137931034482759,58,5
Logistic_Interpretable,Stains,0.6923076923076923,0.8181818181818182,0.75,11,2
Logistic_Interpretable,Dirtiness,0.2608695652173913,0.6666666666666666,0.375,9,3
Logistic_Interpretable,Bumps,0.6153846153846154,0.5333333333333333,0.5714285714285714,60,28
Logistic_Interpretable,Other_Faults,0.7213114754098361,0.43564356435643564,0.5432098765432098,101,57
RandomForest_Nonlinear,Pastry,0.72,0.75,0.7346938775510204,24,6
RandomForest_Nonlinear,Z_Scratch,1.0,0.8928571428571429,0.9433962264150944,28,3
RandomForest_Nonlinear,K_Scatch,0.9811320754716981,0.896551724137931,0.9369369369369369,58,6
RandomForest_Nonlinear,Stains,1.0,0.8181818181818182,0.9,11,2
RandomForest_Nonlinear,Dirtiness,1.0,0.8888888888888888,0.9411764705882353,9,1
RandomForest_Nonlinear,Bumps,0.6470588235294118,0.55,0.5945945945945946,60,27
RandomForest_Nonlinear,Other_Faults,0.6916666666666667,0.8217821782178217,0.751131221719457,101,18
