,X_Minimum,X_Maximum,Y_Minimum,Y_Maximum,Pixels_Areas,X_Perimeter,Y_Perimeter,Sum_of_Luminosity,Minimum_of_Luminosity,Maximum_of_Luminosity,Length_of_Conveyer,TypeOfSteel_A300,TypeOfSteel_A400,Steel_Plate_Thickness,Edges_Index,Empty_Index,Square_Index,Outside_X_Index,Edges_X_Index,Edges_Y_Index,Outside_Global_Index,LogOfAreas,Log_X_Index,Log_Y_Index,Orientation_Index,Luminosity_Index,SigmoidOfAreas
X_Minimum,1.0,0.9870514376857684,0.0656711190731621,0.06566179340832894,-0.39120690561078086,-0.38281573262857005,-0.35594135401623983,-0.38041690191457767,0.26578351544548345,-0.04969425539358826,0.32939139596381367,0.14626291949093384,-0.14626291949093373,0.1234325975885903,0.2850235029773136,-0.20029462666319917,0.05095922258753091,-0.3523077726767536,0.1691282742493868,0.35630610561007375,0.12756199954031874,-0.44063871374502483,-0.4367411582636782,-0.3511048103465199,0.16570000711287042,-0.005479785205374729,-0.37162841387033746
X_Maximum,0.9870514376857684,1.0,0.07623684828925605,0.07622942180669882,-0.2812484869622148,-0.2657167159625147,-0.25946087487793673,-0.2717273988509588,0.19485172485865693,-0.0364543384764453,0.3119799982701445,0.11312985721449526,-0.11312985721449519,0.09221758295800549,0.24712009076823552,-0.15063242796326481,0.03355049798536501,-0.19777990699144044,0.16536771470581693,0.25460275217000755,0.0764688164601496,-0.3404136120724604,-0.31742667609406705,-0.2879593983583038,0.09680269768148766,-0.010562696310487273,-0.2997734309968282
Y_Minimum,0.0656711190731621,0.07623684828925605,1.0,0.9999999994823796,-0.011491305332861187,-0.0050217579861649006,-0.026152078542223865,-0.017222852171010286,-0.046613275728029424,-0.0668516222703859,-0.05619093735192774,0.057482096193714055,-0.05748209619371402,-0.20713393907101704,0.015518785024730301,-0.04499339661596807,0.016386484418201633,0.04680458758473935,0.07315257303060511,-0.031255139434415664,-0.06902988471257261,0.038817596991672615,0.06762061962838097,-0.0176456679971106,-0.09545081129535098,-0.0740034673870156,0.02146812816721832
Y_Maximum,0.06566179340832894,0.07622942180669882,0.9999999994823796,1.0,-0.01146780294729961,-0.00499818731713604,-0.02612359620692243,-0.017199564113696733,-0.04663048609716886,-0.06685009147224966,-0.05619492597298441,0.05747385237464704,-0.05747385237464695,-0.2071353852610129,0.01550957422083124,-0.04498209258882196,0.016380684994884948,0.04681809784768346,0.07313234881691358,-0.031265915534028556,-0.06902523789819312,0.03884174844955244,0.0676375930955127,-0.017618496317150602,-0.09544431457721535,-0.0740067130013146,0.02148854609460077
Pixels_Areas,-0.39120690561078086,-0.2812484869622148,-0.011491305332861187,-0.01146780294729961,1.0,0.9580343500524567,0.9324566072311684,0.996437749736777,-0.6154219161125479,0.11839364486058258,-0.19055437239380812,-0.3027630634693075,0.30276306346930737,-0.22436101827862434,-0.3553059360571009,0.300649131948319,0.06678421372239303,0.7469733279220033,-0.3507421515055175,-0.6398151293293076,-0.15310488119171567,0.80617032730085,0.7714156520649459,0.6645058701106011,-0.2222300804278021,-0.01700374578988137,0.5491248227889493
X_Perimeter,-0.38281573262857005,-0.2657167159625147,-0.0050217579861649006,-0.00499818731713604,0.9580343500524567,1.0,0.9516016884332955,0.9593084797058774,-0.5755271327050393,0.13570765384153027,-0.18921051440314668,-0.2793651745249688,0.27936517452496873,-0.21010433500043557,-0.342744762543813,0.3911301771338308,0.06644939046485675,0.7843763042748939,-0.3994603906373742,-0.6869931019910182,-0.14467970350624743,0.8095141710854169,0.7922491693296994,0.6736443918923422,-0.221688005024939,0.0018948642841374113,0.5811511870049946
Y_Perimeter,-0.35594135401623983,-0.25946087487793673,-0.026152078542223865,-0.02612359620692243,0.9324566072311684,0.9516016884332955,1.0,0.9341163960444573,-0.58032583890814,0.11523989118546983,-0.16077823564392377,-0.2847088299456471,0.2847088299456471,-0.15386610511487872,-0.33264081056949635,0.392963767133294,-0.00394561453225812,0.655330052144009,-0.5170583389858749,-0.5722366549943328,-0.015438750115599628,0.8089913381741494,0.7015506296689465,0.7723605501879782,-0.03975164018247792,-0.02674230653622153,0.6082663595395018
Sum_of_Luminosity,-0.38041690191457767,-0.2717273988509588,-0.017222852171010286,-0.017199564113696733,0.996437749736777,0.9593084797058774,0.9341163960444573,1.0,-0.5976579722617379,0.14017049988710467,-0.18388265935241183,-0.29931517135228186,0.29931517135228203,-0.22156781011468937,-0.343291762868807,0.30314635669389767,0.08698605573506715,0.736057248843017,-0.3523913239186787,-0.6290938450623413,-0.1412699133919244,0.7860187726971924,0.7521148923897232,0.6512729965218715,-0.21065896971084014,0.014149811124849549,0.5300097701765212
Minimum_of_Luminosity,0.26578351544548345,0.19485172485865693,-0.046613275728029424,-0.04663048609716886,-0.6154219161125479,-0.5755271327050393,-0.58032583890814,-0.5976579722617379,1.0,0.42089947049079157,-0.03069577106688449,0.045500117900045045,-0.04550011790004503,0.09510609041743916,0.3759233146320989,-0.059407402955697394,0.07537350962767352,-0.48413675588368055,0.25758056680577507,0.34441919500005347,0.04430205598794144,-0.6890121150978441,-0.5800000711969885,-0.6007869714514437,0.07047671197080722,0.6531365418781654,-0.5274173912395235
Maximum_of_Luminosity,-0.04969425539358826,-0.0364543384764453,-0.0668516222703859,-0.06685009147224966,0.11839364486058258,0.13570765384153027,0.11523989118546983,0.14017049988710467,0.42089947049079157,1.0,-0.09117549158798532,-0.2222792544503039,0.2222792544503038,-0.14279863306608376,0.14511421052115914,0.03173885986796546,0.0962497866236948,0.08668608620234977,0.09010878144917296,-0.1589538878314929,-0.12423274450155346,0.0049388801603798315,0.0900028899825359,-0.07410700337188975,-0.17548409825628702,0.8706868005839545,-0.03897516021936298
Length_of_Conveyer,0.32939139596381367,0.3119799982701445,-0.05619093735192774,-0.05619492597298441,-0.19055437239380812,-0.18921051440314668,-0.16077823564392377,-0.18388265935241183,-0.03069577106688449,-0.09117549158798532,1.0,0.3779068857967086,-0.37790688579670867,0.21091861893816055,0.13835607228699476,-0.23609594422585806,0.07390825067880533,-0.2124807754000136,0.1204913767870055,0.2368500231348327,0.12878006037603748,-0.1861335875035436,-0.21721218731608682,-0.14773318040148192,0.12413368908590648,-0.15289904735574003,-0.18987392583534934
TypeOfSteel_A300,0.14626291949093384,0.11312985721449526,0.057482096193714055,0.05747385237464704,-0.3027630634693075,-0.2793651745249688,-0.2847088299456471,-0.29931517135228186,0.045500117900045045,-0.2222792544503039,0.3779068857967086,1.0,-1.0000000000000002,0.13383620152337447,0.13301715842545303,-0.09995264267776262,0.1602309327162684,-0.2393261338793069,0.17046928101297182,0.2459073822407173,0.042871864276665964,-0.326727237446878,-0.2700795474819696,-0.30841990643114187,0.0287714545207525,-0.25529881207517297,-0.30418311336949827
TypeOfSteel_A400,-0.14626291949093373,-0.11312985721449519,-0.05748209619371402,-0.05747385237464695,0.30276306346930737,0.27936517452496873,0.2847088299456471,0.29931517135228203,-0.04550011790004503,0.2222792544503038,-0.37790688579670867,-1.0000000000000002,1.0,-0.1338362015233745,-0.1330171584254529,0.09995264267776266,-0.16023093271626837,0.23932613387930687,-0.17046928101297185,-0.24590738224071731,-0.04287186427666595,0.326727237446878,0.2700795474819696,0.3084199064311419,-0.028771454520752453,0.25529881207517285,0.3041831133694982
Steel_Plate_Thickness,0.1234325975885903,0.09221758295800549,-0.20713393907101704,-0.2071353852610129,-0.22436101827862434,-0.21010433500043557,-0.15386610511487872,-0.22156781011468937,0.09510609041743916,-0.14279863306608376,0.21091861893816055,0.13383620152337447,-0.1338362015233745,1.0,0.07956026974186232,0.0023442060444238636,-0.13229925904197404,-0.21849856407037693,-0.0795921092612268,0.2538915078320864,0.220417909437514,-0.17251452685036048,-0.24961950975413885,-0.03460698659565551,0.2756370292601335,-0.13212981849085262,-0.0875252498704202
Edges_Index,0.2850235029773136,0.24712009076823552,0.015518785024730301,0.01550957422083124,-0.3553059360571009,-0.342744762543813,-0.33264081056949635,-0.343291762868807,0.3759233146320989,0.14511421052115914,0.13835607228699476,0.13301715842545303,-0.1330171584254529,0.07956026974186232,1.0,-0.1977268744644308,0.1421344821802422,-0.3000578713479237,0.24443460799894665,0.2895879040493656,0.0024537973905919093,-0.424841768429024,-0.3713612038734202,-0.39028617016659384,0.023435236413448756,0.21109680492078345,-0.3531374314881053
Empty_Index,-0.20029462666319917,-0.15063242796326481,-0.04499339661596807,-0.04498209258882196,0.300649131948319,0.3911301771338308,0.392963767133294,0.30314635669389767,-0.059407402955697394,0.03173885986796546,-0.23609594422585806,-0.09995264267776262,0.09995264267776266,0.0023442060444238636,-0.1977268744644308,1.0,-0.08138164153975247,0.3424082901613051,-0.39108781561008527,-0.4559990476227897,-0.14848993622779433,0.3574495035378694,0.44690000702609367,0.39691130774718014,-0.14171556431156707,0.060107142399582585,0.4858826714231636
Square_Index,0.05095922258753091,0.03355049798536501,0.016386484418201633,0.016380684994884948,0.06678421372239303,0.06644939046485675,-0.00394561453225812,0.08698605573506715,0.07537350962767352,0.0962497866236948,0.07390825067880533,0.1602309327162684,-0.16023093271626837,-0.13229925904197404,0.1421344821802422,-0.08138164153975247,1.0,-0.11840192592818834,0.24493847667943014,0.08577080065541609,-0.06345145827225356,-0.18959344946823745,-0.08506439685707157,-0.2599583965400215,-0.16438421700387867,0.13478431404817603,-0.3071634979003065
Outside_X_Index,-0.3523077726767536,-0.19777990699144044,0.04680458758473935,0.04681809784768346,0.7469733279220033,0.7843763042748939,0.655330052144009,0.736057248843017,-0.48413675588368055,0.08668608620234977,-0.2124807754000136,-0.2393261338793069,0.23932613387930687,-0.21849856407037693,-0.3000578713479237,0.3424082901613051,-0.11840192592818834,1.0,-0.06662849715446692,-0.6883102343551932,-0.33433070413365606,0.7036252059365155,0.8133839887376834,0.46305328329277395,-0.4478860354143067,-0.02765833289254971,0.5186130089826895
Edges_X_Index,0.1691282742493868,0.16536771470581693,0.07315257303060511,0.07313234881691358,-0.3507421515055175,-0.3994603906373742,-0.5170583389858749,-0.3523913239186787,0.25758056680577507,0.09010878144917296,0.1204913767870055,0.17046928101297182,-0.17046928101297185,-0.0795921092612268,0.24443460799894665,-0.39108781561008527,0.24493847667943014,-0.06662849715446692,1.0,0.1088582919030795,-0.4232287872787075,-0.4861819863396257,-0.1854417302902604,-0.7429090250762805,-0.5424169576626104,0.12297218304461244,-0.5503829225758727
Edges_Y_Index,0.35630610561007375,0.25460275217000755,-0.031255139434415664,-0.031265915534028556,-0.6398151293293076,-0.6869931019910182,-0.5722366549943328,-0.6290938450623413,0.34441919500005347,-0.1589538878314929,0.2368500231348327,0.2459073822407173,-0.24590738224071731,0.2538915078320864,0.2895879040493656,-0.4559990476227897,0.08577080065541609,-0.6883102343551932,0.1088582919030795,1.0,0.5309252503915287,-0.6583727067939497,-0.8614656058905076,-0.33955894003292614,0.6647309162205113,-0.08328517305483572,-0.5560746246302527
Outside_Global_Index,0.12756199954031874,0.0764688164601496,-0.06902988471257261,-0.06902523789819312,-0.15310488119171567,-0.14467970350624743,-0.015438750115599628,-0.1412699133919244,0.04430205598794144,-0.12423274450155346,0.12878006037603748,0.042871864276665964,-0.04287186427666595,0.220417909437514,0.0024537973905919093,-0.14848993622779433,-0.06345145827225356,-0.33433070413365606,-0.4232287872787075,0.5309252503915287,1.0,-0.10948885673741837,-0.42802862517147355,0.23276858069033463,0.8606282477864329,-0.11888417544649663,-0.062493364061663816
LogOfAreas,-0.44063871374502483,-0.3404136120724604,0.038817596991672615,0.03884174844955244,0.80617032730085,0.8095141710854169,0.8089913381741494,0.7860187726971924,-0.6890121150978441,0.0049388801603798315,-0.1861335875035436,-0.326727237446878,0.326727237446878,-0.17251452685036048,-0.424841768429024,0.3574495035378694,-0.18959344946823745,0.7036252059365155,-0.4861819863396257,-0.6583727067939497,-0.10948885673741837,1.0,0.8934137509970742,0.8835950456814687,-0.14895094699434178,-0.17513636856600098,0.8803762388090791
Log_X_Index,-0.4367411582636782,-0.31742667609406705,0.06762061962838097,0.0676375930955127,0.7714156520649459,0.7922491693296994,0.7015506296689465,0.7521148923897232,-0.5800000711969885,0.0900028899825359,-0.21721218731608682,-0.2700795474819696,0.2700795474819696,-0.24961950975413885,-0.3713612038734202,0.44690000702609367,-0.08506439685707157,0.8133839887376834,-0.1854417302902604,-0.8614656058905076,-0.42802862517147355,0.8934137509970742,1.0,0.606412080369467,-0.5490433128960192,-0.06491665371585598,0.7631143147517158
Log_Y_Index,-0.3511048103465199,-0.2879593983583038,-0.0176456679971106,-0.017618496317150602,0.6645058701106011,0.6736443918923422,0.7723605501879782,0.6512729965218715,-0.6007869714514437,-0.07410700337188975,-0.14773318040148192,-0.30841990643114187,0.3084199064311419,-0.03460698659565551,-0.39028617016659384,0.39691130774718014,-0.2599583965400215,0.46305328329277395,-0.7429090250762805,-0.33955894003292614,0.23276858069033463,0.8835950456814687,0.606412080369467,1.0,0.2939074833825999,-0.22064676154394583,0.8433929660887577
Orientation_Index,0.16570000711287042,0.09680269768148766,-0.09545081129535098,-0.09544431457721535,-0.2222300804278021,-0.221688005024939,-0.03975164018247792,-0.21065896971084014,0.07047671197080722,-0.17548409825628702,0.12413368908590648,0.0287714545207525,-0.028771454520752453,0.2756370292601335,0.023435236413448756,-0.14171556431156707,-0.16438421700387867,-0.4478860354143067,-0.5424169576626104,0.6647309162205113,0.8606282477864329,-0.14895094699434178,-0.5490433128960192,0.2939074833825999,1.0,-0.1559841588889165,-0.04404790334649145
Luminosity_Index,-0.005479785205374729,-0.010562696310487273,-0.0740034673870156,-0.0740067130013146,-0.01700374578988137,0.0018948642841374113,-0.02674230653622153,0.014149811124849549,0.6531365418781654,0.8706868005839545,-0.15289904735574003,-0.25529881207517297,0.25529881207517285,-0.13212981849085262,0.21109680492078345,0.060107142399582585,0.13478431404817603,-0.02765833289254971,0.12297218304461244,-0.08328517305483572,-0.11888417544649663,-0.17513636856600098,-0.06491665371585598,-0.22064676154394583,-0.1559841588889165,1.0,-0.1867790934906533
SigmoidOfAreas,-0.37162841387033746,-0.2997734309968282,0.02146812816721832,0.02148854609460077,0.5491248227889493,0.5811511870049946,0.6082663595395018,0.5300097701765212,-0.5274173912395235,-0.03897516021936298,-0.18987392583534934,-0.30418311336949827,0.3041831133694982,-0.0875252498704202,-0.3531374314881053,0.4858826714231636,-0.3071634979003065,0.5186130089826895,-0.5503829225758727,-0.5560746246302527,-0.062493364061663816,0.8803762388090791,0.7631143147517158,0.8433929660887577,-0.04404790334649145,-0.1867790934906533,1.0
