feature,dtype,n_unique,missing,mean,std,min,q25,median,q75,max
X_Minimum,int64,962,0,571.1360123647604,520.690671421655,0.0,51.0,435.0,1053.0,1705.0
X_Maximum,int64,994,0,617.9644513137558,497.62741027528716,4.0,192.0,467.0,1072.0,1713.0
Y_Minimum,int64,1939,0,1650684.868109222,1774578.4147280133,6712.0,471253.0,1204128.0,2183073.0,12987661.0
Y_Maximum,int64,1940,0,1650738.705306543,1774590.089000213,6724.0,471281.0,1204136.0,2183084.0,12987692.0
Pixels_Areas,int64,920,0,1893.8784131890777,5168.45955950114,2.0,84.0,174.0,822.0,152655.0
X_Perimeter,int64,399,0,111.85522926326635,301.20918709670053,2.0,15.0,26.0,84.0,10449.0
Y_Perimeter,int64,317,0,82.96599690880988,426.4828792177644,1.0,13.0,25.0,83.0,18152.0
Sum_of_Luminosity,int64,1909,0,206312.14786192685,512293.58760867815,250.0,9522.0,19202.0,83011.0,11591414.0
Minimum_of_Luminosity,int64,161,0,84.54868624420402,32.13427570087037,0.0,63.0,90.0,106.0,203.0
Maximum_of_Luminosity,int64,100,0,130.19371458011335,18.69099186688545,37.0,124.0,127.0,140.0,253.0
Length_of_Conveyer,int64,84,0,1459.1602266872746,144.5778233152919,1227.0,1358.0,1364.0,1650.0,1794.0
TypeOfSteel_A300,int64,2,0,0.40030911901081917,0.49008720796047256,0.0,0.0,0.0,1.0,1.0
TypeOfSteel_A400,int64,2,0,0.5996908809891809,0.4900872079604726,0.0,0.0,1.0,1.0,1.0
Steel_Plate_Thickness,int64,24,0,78.73776403915508,55.08603169202899,40.0,40.0,70.0,80.0,300.0
Edges_Index,float64,1387,0,0.33171519835136526,0.2997117487365931,0.0,0.0604,0.2273,0.5738,0.9952
Empty_Index,float64,1338,0,0.41420334878928383,0.13726148878404612,0.0,0.3158,0.4121,0.5016,0.9439
Square_Index,float64,770,0,0.5707671303451829,0.2710583850475685,0.0083,0.3613,0.5556,0.8182,1.0
Outside_X_Index,float64,454,0,0.03336110252447192,0.058961169352050105,0.0015,0.0066,0.0101,0.0235,0.8759
Edges_X_Index,float64,818,0,0.6105286450283359,0.2432769191378931,0.0144,0.4118,0.6364,0.8,1.0
Edges_Y_Index,float64,648,0,0.8134722308088613,0.23427362312339203,0.0484,0.5968,0.9474,1.0,1.0
Outside_Global_Index,float64,3,0,0.5757341576506955,0.48235199045248917,0.0,0.0,1.0,1.0,1.0
LogOfAreas,float64,914,0,2.4923883565172593,0.7889298525246498,0.301,1.9243,2.2406,2.9149,5.1837
Log_X_Index,float64,183,0,1.3356861411643481,0.4816116094203422,0.301,1.0,1.1761,1.5185,3.0741
Log_Y_Index,float64,217,0,1.403271303451829,0.4543451618411434,0.0,1.0792,1.3222,1.7324,4.2587
Orientation_Index,float64,918,0,0.08328763523956725,0.5008680465381179,-0.991,-0.3333,0.0952,0.5116,0.9917
Luminosity_Index,float64,1522,0,-0.1313050489438434,0.14876684035405208,-0.9989,-0.195,-0.133,-0.0666,0.6421
SigmoidOfAreas,float64,388,0,0.5854204533745492,0.339451805392955,0.119,0.2482,0.5063,0.9998,1.0
