feature,selection_count,selection_frequency,stability_class
Minimum_of_Luminosity,3,1.0,Stable
Steel_Plate_Thickness,3,1.0,Stable
Luminosity_Index,3,1.0,Stable
Edges_Y_Index,3,1.0,Stable
Outside_Global_Index,3,1.0,Stable
LogOfAreas,3,1.0,Stable
Square_Index,3,1.0,Stable
Empty_Index,3,1.0,Stable
Edges_Index,3,1.0,Stable
TypeOfSteel_A400,3,1.0,Stable
Y_Minimum,2,0.6666666666666666,Moderate
X_Minimum,2,0.6666666666666666,Moderate
Edges_X_Index,2,0.6666666666666666,Moderate
TypeOfSteel_A300,2,0.6666666666666666,Moderate
Outside_X_Index,2,0.6666666666666666,Moderate
Pixels_Areas,2,0.6666666666666666,Moderate
X_Perimeter,2,0.6666666666666666,Moderate
Y_Maximum,2,0.6666666666666666,Moderate
Length_of_Conveyer,2,0.6666666666666666,Moderate
Log_Y_Index,2,0.6666666666666666,Moderate
Maximum_of_Luminosity,1,0.3333333333333333,Moderate
Sum_of_Luminosity,1,0.3333333333333333,Moderate
X_Maximum,1,0.3333333333333333,Moderate
Orientation_Index,1,0.3333333333333333,Moderate
Log_X_Index,1,0.3333333333333333,Moderate
SigmoidOfAreas,1,0.3333333333333333,Moderate
Y_Perimeter,0,0.0,Excluded
