scope,method,class,flagged_count,flagged_percentage,feature_flag_count,feature
global_train,IQR,ALL,582,42.857142857142854,1750.0,
global_train,IsolationForest,ALL,68,5.007363770250368,,
within_class_train,IQR,Pastry,41,36.93693693693694,129.0,
within_class_train,IsolationForest,Pastry,6,5.405405405405405,,
within_class_train,IQR,Z_Scratch,52,39.097744360902254,188.0,
within_class_train,IsolationForest,Z_Scratch,7,5.263157894736842,,
within_class_train,IQR,K_Scatch,85,31.02189781021898,592.0,
within_class_train,IsolationForest,K_Scatch,14,5.109489051094891,,
within_class_train,IQR,Stains,20,40.0,60.0,
within_class_train,IsolationForest,Stains,3,6.0,,
within_class_train,IQR,Dirtiness,15,39.473684210526315,73.0,
within_class_train,IsolationForest,Dirtiness,2,5.263157894736842,,
within_class_train,IQR,Bumps,102,36.29893238434164,270.0,
within_class_train,IsolationForest,Bumps,14,4.98220640569395,,
within_class_train,IQR,Other_Faults,161,34.182590233545646,528.0,
within_class_train,IsolationForest,Other_Faults,24,5.095541401273886,,
feature_global_train,IQR,ALL,0,0.0,,X_Minimum
feature_global_train,IQR,ALL,0,0.0,,X_Maximum
feature_global_train,IQR,ALL,62,4.565537555228277,,Y_Minimum
feature_global_train,IQR,ALL,62,4.565537555228277,,Y_Maximum
feature_global_train,IQR,ALL,275,20.250368188512518,,Pixels_Areas
feature_global_train,IQR,ALL,243,17.8939617083947,,X_Perimeter
feature_global_train,IQR,ALL,131,9.646539027982328,,Y_Perimeter
feature_global_train,IQR,ALL,283,20.839469808541974,,Sum_of_Luminosity
feature_global_train,IQR,ALL,10,0.7363770250368188,,Minimum_of_Luminosity
feature_global_train,IQR,ALL,106,7.80559646539028,,Maximum_of_Luminosity
feature_global_train,IQR,ALL,0,0.0,,Length_of_Conveyer
feature_global_train,IQR,ALL,0,0.0,,TypeOfSteel_A300
feature_global_train,IQR,ALL,0,0.0,,TypeOfSteel_A400
feature_global_train,IQR,ALL,166,12.223858615611192,,Steel_Plate_Thickness
feature_global_train,IQR,ALL,0,0.0,,Edges_Index
feature_global_train,IQR,ALL,14,1.0309278350515463,,Empty_Index
feature_global_train,IQR,ALL,0,0.0,,Square_Index
feature_global_train,IQR,ALL,266,19.587628865979383,,Outside_X_Index
feature_global_train,IQR,ALL,0,0.0,,Edges_X_Index
feature_global_train,IQR,ALL,0,0.0,,Edges_Y_Index
feature_global_train,IQR,ALL,0,0.0,,Outside_Global_Index
feature_global_train,IQR,ALL,2,0.14727540500736377,,LogOfAreas
feature_global_train,IQR,ALL,26,1.914580265095729,,Log_X_Index
feature_global_train,IQR,ALL,2,0.14727540500736377,,Log_Y_Index
feature_global_train,IQR,ALL,0,0.0,,Orientation_Index
feature_global_train,IQR,ALL,102,7.511045655375552,,Luminosity_Index
feature_global_train,IQR,ALL,0,0.0,,SigmoidOfAreas
