Experiment,Model,Feature_Selection,N_Features,Validation_Macro_F1,Validation_Balanced_Accuracy,Test_Macro_F1,Test_Balanced_Accuracy,Runtime,Seed
Logistic_Interpretable_All_27,Logistic_Interpretable,All_27,27,0.6444296155708307,0.7336393755490961,,,0.0329872569999452,42
Logistic_Interpretable_Filter,Logistic_Interpretable,Filter,21,0.6463784559756266,0.7340051756759067,,,0.062622117999922,42
Logistic_Interpretable_GA_11,Logistic_Interpretable,GA_11,19,0.629017758618599,0.7245520875099473,,,0.0249672420000024,42
Logistic_Interpretable_GA_22,Logistic_Interpretable,GA_22,18,0.6382656325579281,0.7303285360203858,,,0.0567430050000439,42
Logistic_Interpretable_GA_33,Logistic_Interpretable,GA_33,19,0.6481946624803767,0.745458977635976,,,0.0285813680000046,42
RandomForest_Nonlinear_All_27,RandomForest_Nonlinear,All_27,27,0.8288470468293341,0.8026088217548004,,,0.2442971449999049,42
RandomForest_Nonlinear_Filter,RandomForest_Nonlinear,Filter,21,0.8002126593625399,0.7783203707422114,,,0.1749526109999806,42
RandomForest_Nonlinear_GA_11,RandomForest_Nonlinear,GA_11,19,0.7706190304553271,0.7429177506068693,,,0.1788587380000308,42
RandomForest_Nonlinear_GA_22,RandomForest_Nonlinear,GA_22,18,0.7853700293135493,0.7669001488466931,,,0.1810116359999938,42
RandomForest_Nonlinear_GA_33,RandomForest_Nonlinear,GA_33,19,0.8168161806229735,0.7818917993136401,,,0.173776762999978,42
FINAL_FROZEN_TEST,RandomForest_Nonlinear,All_27,27,0.8288470468293341,0.8026088217548004,0.8297867601094024,0.819677075186923,0.2257804099999703,42
