feature,min,max,range,mean,std,skewness,unique_count
Y_Maximum,6724.0,12987692.0,12980968.0,1692094.4941089838,1825433.1716279506,2.821327514278524,1358
Y_Minimum,6712.0,12987661.0,12980949.0,1692049.4322533137,1825434.6597256414,2.82132294610205,1358
Sum_of_Luminosity,255.0,3918209.0,3917954.0,208702.24594992635,458246.71309484245,3.215937293945699,1343
Pixels_Areas,2.0,37334.0,37332.0,1891.9837997054492,4011.2739107865855,3.085988764653725,718
X_Maximum,4.0,1713.0,1709.0,612.4256259204712,495.78838758855824,0.5524611013490484,798
X_Minimum,0.0,1705.0,1705.0,564.5044182621502,518.698820915451,0.5275605735957926,771
X_Perimeter,2.0,1275.0,1273.0,109.1421207658321,193.42406203730877,2.80839176553322,329
Y_Perimeter,1.0,903.0,902.0,75.27908689248895,119.76296051133878,2.7738233902844853,271
Length_of_Conveyer,1227.0,1794.0,567.0,1460.3416789396172,144.93830024410633,0.8371757902934214,78
Steel_Plate_Thickness,40.0,300.0,260.0,78.139911634757,54.96878873770676,2.240298007302887,23
Maximum_of_Luminosity,37.0,253.0,216.0,130.0301914580265,19.084108953638008,1.2391100519496578,93
Minimum_of_Luminosity,0.0,203.0,203.0,84.12444771723122,32.25999720326622,-0.10598740720838613,146
LogOfAreas,0.301,4.5721,4.2711,2.4987,0.7931355683992399,0.7564411254025342,716
Log_Y_Index,0.0,2.776,2.776,1.4060712812960237,0.44864467327633195,0.3718011899908676,196
Log_X_Index,0.301,3.0741,2.7731,1.3367439617083947,0.4877733704627197,1.013853590930523,160
Orientation_Index,-0.991,0.9607,1.9517,0.08824513991163477,0.4982992727759317,-0.1744780073702255,701
Luminosity_Index,-0.9989,0.6421,1.641,-0.13276671575846835,0.1511603086819409,0.5213999697085758,1135
TypeOfSteel_A400,0.0,1.0,1.0,0.5942562592047128,0.49121628693137265,-0.38433286007544815,2
TypeOfSteel_A300,0.0,1.0,1.0,0.4057437407952872,0.49121628693137265,0.38433286007544815,2
Outside_Global_Index,0.0,1.0,1.0,0.5839469808541974,0.48097944485073146,-0.34067313649996295,3
Edges_Index,0.0,0.9952,0.9952,0.3324745213549337,0.2986166780778713,0.6636878343888305,1012
Square_Index,0.009,1.0,0.991,0.5729518409425627,0.2712751570645227,-0.05975667813073326,587
Edges_Y_Index,0.0484,1.0,0.9516,0.813213622974963,0.2359192648489714,-0.9375671905115287,490
Edges_X_Index,0.0645,1.0,0.9355,0.6110425625920471,0.24309938971376652,-0.23898365875207767,620
Empty_Index,0.0,0.9275,0.9275,0.4117078055964654,0.13566078414431512,0.251162034125314,1023
SigmoidOfAreas,0.119,1.0,0.881,0.5836629602356406,0.3378010243854049,0.1382229935385687,328
Outside_X_Index,0.0015,0.8759,0.8744000000000001,0.03410898379970545,0.06145766827043828,5.404142569465283,372
