row_index,split
0,Train
1,Train
2,Validation
3,Train
4,Validation
5,Train
6,Train
7,Train
8,Test
9,Train
10,Validation
11,Train
12,Test
13,Train
14,Train
15,Train
16,Train
17,Train
18,Train
19,Train
20,Train
21,Train
22,Train
23,Train
24,Test
25,Train
26,Train
27,Validation
28,Test
29,Train
30,Train
31,Train
32,Train
33,Train
34,Train
35,Train
36,Validation
37,Test
38,Train
39,Test
40,Train
41,Train
42,Train
43,Train
44,Test
45,Train
46,Train
47,Train
48,Train
49,Train
50,Train
51,Train
52,Train
53,Train
54,Train
55,Test
56,Train
57,Test
58,Train
59,Validation
60,Train
61,Test
62,Train
63,Train
64,Train
65,Train
66,Validation
67,Validation
68,Test
69,Train
70,Train
71,Test
72,Test
73,Train
74,Train
75,Test
76,Validation
77,Train
78,Train
79,Train
80,Test
81,Train
82,Train
83,Train
84,Train
85,Train
86,Train
87,Train
88,Validation
89,Validation
90,Test
91,Train
92,Validation
93,Train
94,Train
95,Test
96,Train
97,Test
98,Train
99,Train
100,Validation
101,Train
102,Train
103,Train
104,Test
105,Train
106,Train
107,Train
108,Train
109,Train
110,Train
111,Train
112,Train
113,Validation
114,Test
115,Train
116,Train
117,Train
118,Test
119,Test
120,Train
121,Train
122,Validation
123,Validation
124,Validation
125,Train
126,Train
127,Train
128,Train
129,Train
130,Train
131,Train
132,Validation
133,Train
134,Train
135,Validation
136,Validation
137,Train
138,Validation
139,Train
140,Train
141,Validation
142,Train
143,Train
144,Test
145,Train
146,Train
147,Validation
148,Train
149,Train
150,Train
151,Train
152,Train
153,Train
154,Train
155,Train
156,Train
157,Validation
158,Train
159,Validation
160,Train
161,Train
162,Train
163,Validation
164,Test
165,Test
166,Test
167,Train
168,Test
169,Train
170,Train
171,Train
172,Train
173,Train
174,Train
175,Train
176,Train
177,Train
178,Train
179,Train
180,Train
181,Train
182,Train
183,Train
184,Train
185,Train
186,Train
187,Train
188,Train
189,Train
190,Validation
191,Train
192,Train
193,Train
194,Train
195,Train
196,Train
197,Train
198,Validation
199,Train
200,Train
201,Train
202,Train
203,Test
204,Train
205,Train
206,Validation
207,Train
208,Train
209,Train
210,Train
211,Validation
212,Train
213,Train
214,Train
215,Train
216,Train
217,Train
218,Validation
219,Validation
220,Train
221,Train
222,Train
223,Train
224,Train
225,Train
226,Train
227,Train
228,Train
229,Test
230,Validation
231,Train
232,Train
233,Test
234,Validation
235,Train
236,Train
237,Validation
238,Train
239,Train
240,Train
241,Validation
242,Train
243,Test
244,Train
245,Test
246,Train
247,Test
248,Train
249,Test
250,Train
251,Train
252,Train
253,Train
254,Test
255,Train
256,Train
257,Train
258,Train
259,Train
260,Test
261,Test
262,Train
263,Test
264,Train
265,Train
266,Train
267,Train
268,Validation
269,Train
270,Train
271,Validation
272,Train
273,Validation
274,Train
275,Train
276,Validation
277,Train
278,Test
279,Test
280,Test
281,Train
282,Train
283,Train
284,Test
285,Train
286,Train
287,Train
288,Train
289,Test
290,Train
291,Test
292,Train
293,Test
294,Train
295,Train
296,Train
297,Train
298,Test
299,Validation
300,Test
301,Train
302,Test
303,Train
304,Train
305,Validation
306,Train
307,Validation
308,Train
309,Validation
310,Train
311,Test
312,Train
313,Train
314,Train
315,Validation
316,Train
317,Validation
318,Test
319,Validation
320,Validation
321,Train
322,Train
323,Train
324,Train
325,Validation
326,Train
327,Train
328,Train
329,Train
330,Train
331,Train
332,Validation
333,Train
334,Validation
335,Train
336,Test
337,Train
338,Test
339,Train
340,Train
341,Train
342,Train
343,Validation
344,Train
345,Train
346,Train
347,Train
348,Train
349,Train
350,Train
351,Validation
352,Train
353,Train
354,Train
355,Train
356,Train
357,Validation
358,Train
359,Validation
360,Test
361,Train
362,Train
363,Test
364,Train
365,Train
366,Validation
367,Train
368,Train
369,Train
370,Test
371,Train
372,Validation
373,Train
374,Train
375,Train
376,Train
377,Train
378,Train
379,Train
380,Validation
381,Train
382,Validation
383,Validation
384,Test
385,Train
386,Validation
387,Train
388,Train
389,Validation
390,Validation
391,Test
392,Train
393,Train
394,Train
395,Train
396,Train
397,Train
398,Train
399,Validation
400,Validation
401,Train
402,Train
403,Train
404,Validation
405,Train
406,Train
407,Train
408,Train
409,Validation
410,Train
411,Train
412,Validation
413,Train
414,Train
415,Train
416,Validation
417,Train
418,Train
419,Train
420,Train
421,Train
422,Validation
423,Test
424,Train
425,Train
426,Train
427,Train
428,Train
429,Train
430,Train
431,Test
432,Train
433,Train
434,Train
435,Train
436,Train
437,Validation
438,Train
439,Train
440,Validation
441,Validation
442,Test
443,Validation
444,Train
445,Train
446,Test
447,Validation
448,Validation
449,Train
450,Train
451,Train
452,Validation
453,Train
454,Train
455,Train
456,Test
457,Train
458,Train
459,Train
460,Train
461,Validation
462,Test
463,Train
464,Train
465,Train
466,Train
467,Train
468,Train
469,Test
470,Train
471,Train
472,Train
473,Train
474,Train
475,Train
476,Train
477,Train
478,Train
479,Train
480,Test
481,Train
482,Train
483,Train
484,Train
485,Train
486,Train
487,Train
488,Train
489,Train
490,Train
491,Test
492,Train
493,Train
494,Test
495,Train
496,Train
497,Train
498,Test
499,Test
500,Train
501,Train
502,Train
503,Train
504,Train
505,Train
506,Train
507,Test
508,Train
509,Train
510,Validation
511,Validation
512,Train
513,Train
514,Train
515,Test
516,Train
517,Train
518,Train
519,Train
520,Train
521,Train
522,Train
523,Train
524,Test
525,Test
526,Validation
527,Test
528,Test
529,Train
530,Test
531,Train
532,Train
533,Test
534,Test
535,Train
536,Train
537,Validation
538,Train
539,Validation
540,Train
541,Train
542,Train
543,Validation
544,Train
545,Train
546,Train
547,Train
548,Train
549,Train
550,Train
551,Validation
552,Train
553,Test
554,Train
555,Train
556,Train
557,Train
558,Train
559,Train
560,Train
561,Train
562,Test
563,Train
564,Validation
565,Validation
566,Train
567,Train
568,Train
569,Test
570,Test
571,Test
572,Train
573,Train
574,Test
575,Train
576,Train
577,Train
578,Train
579,Train
580,Test
581,Train
582,Train
583,Train
584,Train
585,Test
586,Train
587,Train
588,Train
589,Validation
590,Train
591,Train
592,Train
593,Validation
594,Validation
595,Train
596,Test
597,Validation
598,Train
599,Train
600,Test
601,Validation
602,Train
603,Train
604,Validation
605,Validation
606,Train
607,Train
608,Train
609,Train
610,Train
611,Test
612,Test
613,Train
614,Train
615,Validation
616,Train
617,Train
618,Train
619,Train
620,Test
621,Train
622,Train
623,Train
624,Test
625,Train
626,Validation
627,Test
628,Train
629,Train
630,Train
631,Validation
632,Validation
633,Validation
634,Train
635,Train
636,Test
637,Test
638,Train
639,Test
640,Train
641,Train
642,Train
643,Train
644,Train
645,Train
646,Train
647,Train
648,Train
649,Test
650,Train
651,Train
652,Train
653,Train
654,Test
655,Train
656,Train
657,Train
658,Train
659,Train
660,Train
661,Test
662,Test
663,Train
664,Train
665,Train
666,Test
667,Validation
668,Train
669,Train
670,Test
671,Train
672,Validation
673,Test
674,Train
675,Train
676,Train
677,Test
678,Train
679,Train
680,Train
681,Train
682,Train
683,Validation
684,Validation
685,Train
686,Train
687,Validation
688,Test
689,Train
690,Train
691,Train
692,Train
693,Train
694,Train
695,Train
696,Train
697,Train
698,Train
699,Validation
700,Train
701,Train
702,Train
703,Train
704,Validation
705,Test
706,Train
707,Train
708,Train
709,Train
710,Test
711,Train
712,Train
713,Train
714,Train
715,Train
716,Validation
717,Train
718,Train
719,Validation
720,Train
721,Test
722,Test
723,Test
724,Train
725,Train
726,Test
727,Train
728,Train
729,Train
730,Train
731,Train
732,Validation
733,Validation
734,Train
735,Train
736,Train
737,Train
738,Train
739,Validation
740,Train
741,Validation
742,Train
743,Validation
744,Test
745,Train
746,Train
747,Train
748,Train
749,Train
750,Train
751,Train
752,Train
753,Test
754,Train
755,Train
756,Train
757,Validation
758,Train
759,Validation
760,Validation
761,Train
762,Test
763,Test
764,Train
765,Validation
766,Train
767,Train
768,Train
769,Train
770,Train
771,Train
772,Test
773,Validation
774,Train
775,Train
776,Validation
777,Train
778,Train
779,Train
780,Train
781,Train
782,Train
783,Train
784,Train
785,Test
786,Train
787,Validation
788,Train
789,Train
790,Train
791,Train
792,Train
793,Train
794,Test
795,Test
796,Test
797,Test
798,Train
799,Train
800,Train
801,Train
802,Train
803,Train
804,Validation
805,Test
806,Train
807,Train
808,Train
809,Train
810,Train
811,Train
812,Train
813,Train
814,Validation
815,Validation
816,Validation
817,Train
818,Validation
819,Train
820,Train
821,Train
822,Train
823,Test
824,Train
825,Train
826,Test
827,Train
828,Train
829,Validation
830,Train
831,Train
832,Train
833,Train
834,Train
835,Train
836,Train
837,Train
838,Train
839,Train
840,Validation
841,Train
842,Validation
843,Train
844,Train
845,Test
846,Train
847,Train
848,Train
849,Test
850,Validation
851,Train
852,Train
853,Train
854,Test
855,Test
856,Train
857,Test
858,Train
859,Train
860,Train
861,Train
862,Train
863,Test
864,Validation
865,Train
866,Train
867,Validation
868,Train
869,Train
870,Validation
871,Train
872,Train
873,Train
874,Validation
875,Train
876,Train
877,Train
878,Train
879,Test
880,Test
881,Train
882,Train
883,Train
884,Train
885,Train
886,Validation
887,Test
888,Train
889,Train
890,Train
891,Train
892,Train
893,Validation
894,Train
895,Train
896,Train
897,Train
898,Validation
899,Train
900,Validation
901,Train
902,Train
903,Train
904,Train
905,Train
906,Test
907,Train
908,Train
909,Test
910,Train
911,Train
912,Train
913,Test
914,Test
915,Validation
916,Validation
917,Train
918,Test
919,Test
920,Test
921,Train
922,Train
923,Train
924,Validation
925,Train
926,Train
927,Test
928,Test
929,Train
930,Test
931,Train
932,Train
933,Train
934,Train
935,Train
936,Train
937,Validation
938,Train
939,Train
940,Train
941,Train
942,Train
943,Train
944,Train
945,Train
946,Validation
947,Train
948,Train
949,Train
950,Train
951,Train
952,Train
953,Validation
954,Validation
955,Train
956,Train
957,Test
958,Train
959,Train
960,Train
961,Train
962,Train
963,Train
964,Validation
965,Validation
966,Validation
967,Train
968,Test
969,Train
970,Train
971,Test
972,Validation
973,Train
974,Train
975,Train
976,Train
977,Train
978,Train
979,Train
980,Train
981,Train
982,Train
983,Train
984,Train
985,Train
986,Train
987,Test
988,Train
989,Train
990,Train
991,Train
992,Train
993,Train
994,Validation
995,Train
996,Validation
997,Train
998,Train
999,Train
1000,Validation
1001,Test
1002,Train
1003,Train
1004,Validation
1005,Train
1006,Train
1007,Train
1008,Train
1009,Train
1010,Train
1011,Train
1012,Train
1013,Train
1014,Train
1015,Test
1016,Train
1017,Test
1018,Train
1019,Train
1020,Train
1021,Train
1022,Validation
1023,Train
1024,Train
1025,Train
1026,Test
1027,Validation
1028,Test
1029,Train
1030,Train
1031,Train
1032,Test
1033,Train
1034,Train
1035,Validation
1036,Train
1037,Validation
1038,Train
1039,Train
1040,Validation
1041,Train
1042,Train
1043,Train
1044,Train
1045,Train
1046,Train
1047,Train
1048,Train
1049,Train
1050,Train
1051,Train
1052,Train
1053,Validation
1054,Test
1055,Validation
1056,Validation
1057,Validation
1058,Train
1059,Train
1060,Train
1061,Train
1062,Train
1063,Train
1064,Train
1065,Train
1066,Test
1067,Test
1068,Train
1069,Train
1070,Train
1071,Test
1072,Train
1073,Validation
1074,Train
1075,Train
1076,Train
1077,Train
1078,Validation
1079,Validation
1080,Test
1081,Validation
1082,Test
1083,Test
1084,Train
1085,Train
1086,Train
1087,Train
1088,Train
1089,Train
1090,Train
1091,Train
1092,Validation
1093,Train
1094,Train
1095,Train
1096,Validation
1097,Train
1098,Train
1099,Train
1100,Train
1101,Test
1102,Test
1103,Train
1104,Train
1105,Train
1106,Train
1107,Test
1108,Train
1109,Validation
1110,Train
1111,Train
1112,Train
1113,Train
1114,Train
1115,Train
1116,Train
1117,Validation
1118,Validation
1119,Train
1120,Train
1121,Train
1122,Validation
1123,Test
1124,Train
1125,Validation
1126,Test
1127,Train
1128,Train
1129,Validation
1130,Test
1131,Train
1132,Train
1133,Test
1134,Train
1135,Test
1136,Test
1137,Train
1138,Train
1139,Test
1140,Train
1141,Train
1142,Validation
1143,Train
1144,Train
1145,Test
1146,Train
1147,Train
1148,Train
1149,Train
1150,Train
1151,Train
1152,Train
1153,Train
1154,Validation
1155,Train
1156,Train
1157,Train
1158,Train
1159,Test
1160,Train
1161,Test
1162,Train
1163,Train
1164,Train
1165,Train
1166,Test
1167,Train
1168,Train
1169,Test
1170,Train
1171,Train
1172,Test
1173,Train
1174,Validation
1175,Test
1176,Train
1177,Train
1178,Train
1179,Validation
1180,Train
1181,Validation
1182,Train
1183,Train
1184,Train
1185,Test
1186,Train
1187,Train
1188,Train
1189,Train
1190,Validation
1191,Train
1192,Train
1193,Train
1194,Validation
1195,Train
1196,Validation
1197,Train
1198,Train
1199,Train
1200,Train
1201,Train
1202,Train
1203,Train
1204,Train
1205,Test
1206,Test
1207,Train
1208,Test
1209,Test
1210,Test
1211,Test
1212,Validation
1213,Train
1214,Validation
1215,Train
1216,Train
1217,Train
1218,Train
1219,Train
1220,Train
1221,Train
1222,Train
1223,Validation
1224,Train
1225,Validation
1226,Train
1227,Train
1228,Train
1229,Validation
1230,Train
1231,Train
1232,Validation
1233,Test
1234,Test
1235,Train
1236,Train
1237,Train
1238,Validation
1239,Train
1240,Train
1241,Train
1242,Test
1243,Train
1244,Train
1245,Train
1246,Train
1247,Train
1248,Train
1249,Train
1250,Train
1251,Test
1252,Train
1253,Validation
1254,Train
1255,Train
1256,Train
1257,Train
1258,Test
1259,Train
1260,Train
1261,Test
1262,Train
1263,Train
1264,Train
1265,Test
1266,Train
1267,Validation
1268,Validation
1269,Train
1270,Test
1271,Validation
1272,Test
1273,Test
1274,Test
1275,Test
1276,Train
1277,Test
1278,Train
1279,Train
1280,Test
1281,Train
1282,Test
1283,Train
1284,Train
1285,Train
1286,Train
1287,Train
1288,Train
1289,Train
1290,Test
1291,Train
1292,Validation
1293,Test
1294,Train
1295,Validation
1296,Train
1297,Train
1298,Train
1299,Train
1300,Train
1301,Test
1302,Train
1303,Train
1304,Train
1305,Validation
1306,Test
1307,Test
1308,Train
1309,Validation
1310,Train
1311,Train
1312,Train
1313,Train
1314,Validation
1315,Train
1316,Train
1317,Train
1318,Train
1319,Train
1320,Train
1321,Train
1322,Train
1323,Validation
1324,Train
1325,Train
1326,Train
1327,Train
1328,Train
1329,Train
1330,Train
1331,Train
1332,Train
1333,Train
1334,Test
1335,Train
1336,Train
1337,Train
1338,Train
1339,Train
1340,Train
1341,Train
1342,Test
1343,Train
1344,Train
1345,Validation
1346,Train
1347,Train
1348,Train
1349,Train
1350,Train
1351,Train
1352,Train
1353,Test
1354,Train
1355,Train
1356,Test
1357,Test
1358,Train
1359,Train
1360,Train
1361,Train
1362,Validation
1363,Train
1364,Test
1365,Train
1366,Train
1367,Train
1368,Train
1369,Train
1370,Train
1371,Validation
1372,Train
1373,Train
1374,Train
1375,Train
1376,Test
1377,Train
1378,Test
1379,Train
1380,Test
1381,Train
1382,Train
1383,Train
1384,Train
1385,Test
1386,Train
1387,Train
1388,Train
1389,Train
1390,Test
1391,Train
1392,Train
1393,Test
1394,Train
1395,Train
1396,Train
1397,Test
1398,Train
1399,Validation
1400,Train
1401,Train
1402,Train
1403,Test
1404,Validation
1405,Train
1406,Validation
1407,Validation
1408,Train
1409,Train
1410,Test
1411,Train
1412,Test
1413,Test
1414,Train
1415,Train
1416,Train
1417,Train
1418,Train
1419,Train
1420,Train
1421,Train
1422,Train
1423,Train
1424,Validation
1425,Train
1426,Test
1427,Train
1428,Train
1429,Train
1430,Train
1431,Train
1432,Validation
1433,Train
1434,Train
1435,Test
1436,Train
1437,Train
1438,Train
1439,Validation
1440,Validation
1441,Train
1442,Train
1443,Train
1444,Train
1445,Train
1446,Test
1447,Train
1448,Train
1449,Train
1450,Train
1451,Test
1452,Train
1453,Train
1454,Train
1455,Train
1456,Train
1457,Train
1458,Train
1459,Validation
1460,Train
1461,Validation
1462,Train
1463,Test
1464,Train
1465,Validation
1466,Train
1467,Train
1468,Train
1469,Train
1470,Train
1471,Train
1472,Train
1473,Train
1474,Train
1475,Train
1476,Train
1477,Train
1478,Train
1479,Validation
1480,Train
1481,Train
1482,Train
1483,Test
1484,Train
1485,Train
1486,Train
1487,Train
1488,Train
1489,Train
1490,Validation
1491,Train
1492,Validation
1493,Train
1494,Train
1495,Test
1496,Validation
1497,Train
1498,Validation
1499,Train
1500,Validation
1501,Train
1502,Train
1503,Test
1504,Train
1505,Train
1506,Train
1507,Train
1508,Train
1509,Train
1510,Test
1511,Train
1512,Train
1513,Train
1514,Train
1515,Train
1516,Train
1517,Train
1518,Train
1519,Train
1520,Test
1521,Validation
1522,Train
1523,Train
1524,Test
1525,Train
1526,Validation
1527,Train
1528,Test
1529,Train
1530,Train
1531,Train
1532,Train
1533,Train
1534,Train
1535,Train
1536,Train
1537,Validation
1538,Train
1539,Train
1540,Validation
1541,Test
1542,Train
1543,Train
1544,Validation
1545,Train
1546,Train
1547,Train
1548,Train
1549,Validation
1550,Train
1551,Train
1552,Train
1553,Train
1554,Train
1555,Train
1556,Test
1557,Train
1558,Test
1559,Train
1560,Train
1561,Test
1562,Test
1563,Validation
1564,Train
1565,Train
1566,Train
1567,Validation
1568,Train
1569,Train
1570,Test
1571,Train
1572,Train
1573,Train
1574,Train
1575,Train
1576,Train
1577,Train
1578,Train
1579,Test
1580,Train
1581,Train
1582,Test
1583,Train
1584,Train
1585,Test
1586,Validation
1587,Test
1588,Test
1589,Validation
1590,Train
1591,Test
1592,Train
1593,Validation
1594,Train
1595,Train
1596,Validation
1597,Validation
1598,Train
1599,Validation
1600,Train
1601,Test
1602,Train
1603,Train
1604,Train
1605,Train
1606,Train
1607,Train
1608,Train
1609,Train
1610,Train
1611,Train
1612,Train
1613,Train
1614,Train
1615,Train
1616,Validation
1617,Validation
1618,Train
1619,Train
1620,Validation
1621,Train
1622,Train
1623,Train
1624,Train
1625,Train
1626,Train
1627,Train
1628,Train
1629,Train
1630,Validation
1631,Train
1632,Validation
1633,Train
1634,Train
1635,Train
1636,Validation
1637,Train
1638,Train
1639,Train
1640,Train
1641,Train
1642,Train
1643,Validation
1644,Validation
1645,Train
1646,Test
1647,Train
1648,Train
1649,Train
1650,Train
1651,Train
1652,Train
1653,Test
1654,Train
1655,Train
1656,Train
1657,Train
1658,Validation
1659,Validation
1660,Train
1661,Validation
1662,Train
1663,Train
1664,Test
1665,Train
1666,Train
1667,Train
1668,Train
1669,Test
1670,Train
1671,Train
1672,Train
1673,Train
1674,Train
1675,Train
1676,Train
1677,Test
1678,Validation
1679,Train
1680,Train
1681,Train
1682,Train
1683,Train
1684,Train
1685,Train
1686,Validation
1687,Validation
1688,Train
1689,Test
1690,Train
1691,Train
1692,Validation
1693,Train
1694,Train
1695,Train
1696,Train
1697,Train
1698,Train
1699,Train
1700,Train
1701,Train
1702,Validation
1703,Test
1704,Test
1705,Train
1706,Test
1707,Train
1708,Validation
1709,Train
1710,Validation
1711,Train
1712,Train
1713,Validation
1714,Train
1715,Test
1716,Train
1717,Train
1718,Train
1719,Train
1720,Train
1721,Train
1722,Train
1723,Train
1724,Train
1725,Train
1726,Validation
1727,Train
1728,Train
1729,Train
1730,Train
1731,Train
1732,Train
1733,Train
1734,Train
1735,Test
1736,Train
1737,Test
1738,Train
1739,Train
1740,Train
1741,Validation
1742,Train
1743,Train
1744,Train
1745,Test
1746,Train
1747,Train
1748,Test
1749,Train
1750,Train
1751,Train
1752,Test
1753,Train
1754,Train
1755,Train
1756,Train
1757,Train
1758,Train
1759,Train
1760,Train
1761,Train
1762,Train
1763,Train
1764,Train
1765,Train
1766,Train
1767,Validation
1768,Train
1769,Train
1770,Test
1771,Validation
1772,Train
1773,Test
1774,Train
1775,Validation
1776,Test
1777,Train
1778,Test
1779,Train
1780,Validation
1781,Test
1782,Validation
1783,Test
1784,Train
1785,Validation
1786,Train
1787,Train
1788,Train
1789,Train
1790,Train
1791,Train
1792,Validation
1793,Validation
1794,Train
1795,Train
1796,Train
1797,Train
1798,Train
1799,Validation
1800,Train
1801,Train
1802,Train
1803,Train
1804,Validation
1805,Train
1806,Validation
1807,Train
1808,Train
1809,Train
1810,Test
1811,Train
1812,Train
1813,Validation
1814,Validation
1815,Validation
1816,Train
1817,Validation
1818,Train
1819,Train
1820,Train
1821,Validation
1822,Train
1823,Train
1824,Train
1825,Train
1826,Test
1827,Train
1828,Train
1829,Train
1830,Train
1831,Test
1832,Test
1833,Train
1834,Test
1835,Train
1836,Validation
1837,Test
1838,Train
1839,Train
1840,Train
1841,Validation
1842,Train
1843,Train
1844,Validation
1845,Validation
1846,Test
1847,Validation
1848,Train
1849,Validation
1850,Train
1851,Train
1852,Train
1853,Train
1854,Validation
1855,Train
1856,Test
1857,Validation
1858,Train
1859,Train
1860,Train
1861,Test
1862,Validation
1863,Train
1864,Train
1865,Test
1866,Train
1867,Train
1868,Train
1869,Test
1870,Train
1871,Train
1872,Test
1873,Train
1874,Test
1875,Validation
1876,Train
1877,Train
1878,Test
1879,Train
1880,Test
1881,Train
1882,Test
1883,Train
1884,Train
1885,Train
1886,Train
1887,Train
1888,Train
1889,Train
1890,Test
1891,Train
1892,Validation
1893,Validation
1894,Test
1895,Train
1896,Train
1897,Train
1898,Test
1899,Train
1900,Train
1901,Train
1902,Train
1903,Train
1904,Validation
1905,Train
1906,Validation
1907,Train
1908,Validation
1909,Validation
1910,Train
1911,Validation
1912,Train
1913,Test
1914,Train
1915,Train
1916,Validation
1917,Train
1918,Train
1919,Train
1920,Train
1921,Train
1922,Train
1923,Train
1924,Train
1925,Test
1926,Validation
1927,Train
1928,Validation
1929,Test
1930,Test
1931,Validation
1932,Test
1933,Train
1934,Train
1935,Validation
1936,Train
1937,Train
1938,Train
1939,Train
1940,Test
