split,class,count,percentage
Train,Pastry,111,8.173784977908689
Train,Z_Scratch,133,9.793814432989691
Train,K_Scatch,274,20.176730486008836
Train,Stains,50,3.6818851251840945
Train,Dirtiness,38,2.798232695139912
Train,Bumps,281,20.692194403534607
Train,Other_Faults,471,34.683357879234165
Validation,Pastry,24,8.24742268041237
Validation,Z_Scratch,28,9.621993127147768
Validation,K_Scatch,58,19.93127147766323
Validation,Stains,11,3.7800687285223367
Validation,Dirtiness,9,3.0927835051546393
Validation,Bumps,60,20.618556701030926
Validation,Other_Faults,101,34.707903780068726
Test,Pastry,23,7.876712328767123
Test,Z_Scratch,29,9.931506849315069
Test,K_Scatch,59,20.205479452054796
Test,Stains,11,3.767123287671233
Test,Dirtiness,8,2.73972602739726
Test,Bumps,61,20.89041095890411
Test,Other_Faults,101,34.58904109589041
